machine,day,window,used_minutes,remaining_machine_capacity_minutes,utilization
1,1,1,48.0,60,0.8
1,1,2,48.0,66,0.7272727272727273
1,2,1,36.0,60,0.6
1,2,2,60.0,66,0.9090909090909091
1,3,1,48.0,72,0.6666666666666666
1,3,2,96.0,120,0.8
1,4,1,12.0,84,0.14285714285714285
1,4,2,132.0,132,1.0
1,5,1,24.0,96,0.25
1,5,2,120.0,132,0.9090909090909091
1,6,1,36.0,96,0.375
1,6,2,132.0,132,1.0
1,7,1,72.0,108,0.6666666666666666
1,7,2,144.0,168,0.8571428571428571
1,8,1,132.0,132,1.0
1,8,2,180.0,180,1.0
1,9,1,144.0,144,1.0
1,9,2,180.0,180,1.0
1,10,1,120.0,144,0.8333333333333334
1,10,2,108.0,180,0.6
1,11,1,72.0,144,0.5
1,11,2,108.0,180,0.6
1,12,1,84.0,168,0.5
1,12,2,48.0,180,0.26666666666666666
1,13,1,132.0,168,0.7857142857142857
1,13,2,48.0,192,0.25
1,14,1,132.0,168,0.7857142857142857
1,14,2,60.0,204,0.29411764705882354
1,15,1,132.0,180,0.7333333333333333
1,15,2,84.0,204,0.4117647058823529
1,16,1,72.0,180,0.4
1,16,2,132.0,204,0.6470588235294118
1,17,1,84.0,180,0.4666666666666667
1,17,2,96.0,204,0.47058823529411764
1,18,1,120.0,180,0.6666666666666666
1,18,2,84.0,204,0.4117647058823529
1,19,1,108.0,180,0.6
1,19,2,84.0,228,0.3684210526315789
1,20,1,84.0,180,0.4666666666666667
1,20,2,84.0,240,0.35
1,21,1,60.0,180,0.3333333333333333
1,21,2,96.0,240,0.4
1,22,1,96.0,192,0.5
1,22,2,60.0,240,0.25
1,23,1,156.0,216,0.7222222222222222
1,23,2,72.0,240,0.3
1,24,1,144.0,240,0.6
1,24,2,60.0,240,0.25
1,25,1,132.0,240,0.55
1,25,2,48.0,240,0.2
1,26,1,108.0,240,0.45
1,26,2,24.0,240,0.1
1,27,1,60.0,240,0.25
1,27,2,48.0,240,0.2
1,28,1,48.0,240,0.2
1,28,2,60.0,240,0.25
1,29,1,60.0,240,0.25
1,29,2,48.0,240,0.2
1,30,1,60.0,240,0.25
1,30,2,48.0,240,0.2
1,31,1,72.0,240,0.3
1,31,2,24.0,240,0.1
1,32,1,60.0,240,0.25
1,32,2,12.0,240,0.05
1,33,1,60.0,240,0.25
1,33,2,12.0,240,0.05
1,34,1,48.0,240,0.2
1,34,2,24.0,240,0.1
1,35,1,48.0,240,0.2
1,35,2,24.0,240,0.1
1,36,1,36.0,240,0.15
1,36,2,24.0,240,0.1
1,37,1,36.0,240,0.15
1,37,2,0.0,240,0.0
1,38,1,36.0,240,0.15
1,38,2,0.0,240,0.0
1,39,1,36.0,240,0.15
1,39,2,0.0,240,0.0
1,40,1,36.0,240,0.15
1,40,2,0.0,240,0.0
1,41,1,36.0,240,0.15
1,41,2,0.0,240,0.0
1,42,1,12.0,240,0.05
1,42,2,0.0,240,0.0
1,43,1,12.0,240,0.05
1,43,2,0.0,240,0.0
1,44,1,12.0,240,0.05
1,44,2,0.0,240,0.0
1,45,1,12.0,240,0.05
1,45,2,0.0,240,0.0
1,46,1,12.0,240,0.05
1,46,2,0.0,240,0.0
1,47,1,0.0,240,0.0
1,47,2,0.0,240,0.0
1,48,1,0.0,240,0.0
1,48,2,0.0,240,0.0
1,49,1,0.0,240,0.0
1,49,2,0.0,240,0.0
1,50,1,0.0,240,0.0
1,50,2,0.0,240,0.0
1,51,1,0.0,240,0.0
1,51,2,0.0,240,0.0
1,52,1,0.0,240,0.0
1,52,2,0.0,240,0.0
1,53,1,0.0,240,0.0
1,53,2,0.0,240,0.0
1,54,1,0.0,240,0.0
1,54,2,0.0,240,0.0
1,55,1,0.0,240,0.0
1,55,2,0.0,240,0.0
1,56,1,0.0,240,0.0
1,56,2,0.0,240,0.0
1,57,1,0.0,240,0.0
1,57,2,0.0,240,0.0
1,58,1,0.0,240,0.0
1,58,2,0.0,240,0.0
1,59,1,0.0,240,0.0
1,59,2,0.0,240,0.0
1,60,1,0.0,240,0.0
1,60,2,0.0,240,0.0
1,61,1,0.0,240,0.0
1,61,2,0.0,240,0.0
1,62,1,0.0,240,0.0
1,62,2,0.0,240,0.0
1,63,1,0.0,240,0.0
1,63,2,0.0,240,0.0
1,64,1,0.0,240,0.0
1,64,2,0.0,240,0.0
1,65,1,0.0,240,0.0
1,65,2,0.0,240,0.0
1,66,1,0.0,240,0.0
1,66,2,0.0,240,0.0
1,67,1,0.0,240,0.0
1,67,2,0.0,240,0.0
1,68,1,0.0,240,0.0
1,68,2,0.0,240,0.0
1,69,1,0.0,240,0.0
1,69,2,0.0,240,0.0
1,70,1,0.0,240,0.0
1,70,2,0.0,240,0.0
1,71,1,0.0,240,0.0
1,71,2,0.0,240,0.0
1,72,1,0.0,240,0.0
1,72,2,0.0,240,0.0
1,73,1,0.0,240,0.0
1,73,2,0.0,240,0.0
1,74,1,0.0,240,0.0
1,74,2,0.0,240,0.0
1,75,1,0.0,240,0.0
1,75,2,0.0,240,0.0
1,76,1,0.0,240,0.0
1,76,2,0.0,240,0.0
1,77,1,0.0,240,0.0
1,77,2,0.0,240,0.0
1,78,1,0.0,240,0.0
1,78,2,0.0,240,0.0
1,79,1,0.0,240,0.0
1,79,2,0.0,240,0.0
1,80,1,0.0,240,0.0
1,80,2,0.0,240,0.0
1,81,1,0.0,240,0.0
1,81,2,0.0,240,0.0
1,82,1,0.0,240,0.0
1,82,2,0.0,240,0.0
1,83,1,0.0,240,0.0
1,83,2,0.0,240,0.0
1,84,1,0.0,240,0.0
1,84,2,0.0,240,0.0
1,85,1,0.0,240,0.0
1,85,2,0.0,240,0.0
1,86,1,0.0,240,0.0
1,86,2,0.0,240,0.0
2,1,1,72.0,72,1.0
2,1,2,48.0,96,0.5
2,2,1,84.0,84,1.0
2,2,2,96.0,96,1.0
2,3,1,120.0,120,1.0
2,3,2,144.0,144,1.0
2,4,1,132.0,144,0.9166666666666666
2,4,2,120.0,144,0.8333333333333334
2,5,1,132.0,144,0.9166666666666666
2,5,2,168.0,168,1.0
2,6,1,156.0,156,1.0
2,6,2,120.0,168,0.7142857142857143
2,7,1,156.0,156,1.0
2,7,2,156.0,180,0.8666666666666667
2,8,1,156.0,156,1.0
2,8,2,84.0,180,0.4666666666666667
2,9,1,168.0,168,1.0
2,9,2,120.0,180,0.6666666666666666
2,10,1,168.0,168,1.0
2,10,2,192.0,204,0.9411764705882353
2,11,1,168.0,168,1.0
2,11,2,204.0,204,1.0
2,12,1,192.0,192,1.0
2,12,2,192.0,216,0.8888888888888888
2,13,1,192.0,192,1.0
2,13,2,108.0,228,0.47368421052631576
2,14,1,180.0,204,0.8823529411764706
2,14,2,192.0,228,0.8421052631578947
2,15,1,216.0,216,1.0
2,15,2,132.0,228,0.5789473684210527
2,16,1,204.0,216,0.9444444444444444
2,16,2,168.0,240,0.7
2,17,1,192.0,216,0.8888888888888888
2,17,2,132.0,240,0.55
2,18,1,180.0,216,0.8333333333333334
2,18,2,144.0,240,0.6
2,19,1,216.0,216,1.0
2,19,2,96.0,240,0.4
2,20,1,216.0,216,1.0
2,20,2,144.0,240,0.6
2,21,1,216.0,216,1.0
2,21,2,132.0,240,0.55
2,22,1,204.0,216,0.9444444444444444
2,22,2,96.0,240,0.4
2,23,1,168.0,216,0.7777777777777778
2,23,2,84.0,240,0.35
2,24,1,156.0,216,0.7222222222222222
2,24,2,216.0,240,0.9
2,25,1,228.0,228,1.0
2,25,2,192.0,240,0.8
2,26,1,240.0,240,1.0
2,26,2,156.0,240,0.65
2,27,1,108.0,240,0.45
2,27,2,108.0,240,0.45
2,28,1,96.0,240,0.4
2,28,2,60.0,240,0.25
2,29,1,48.0,240,0.2
2,29,2,72.0,240,0.3
2,30,1,60.0,240,0.25
2,30,2,60.0,240,0.25
2,31,1,60.0,240,0.25
2,31,2,48.0,240,0.2
2,32,1,72.0,240,0.3
2,32,2,36.0,240,0.15
2,33,1,60.0,240,0.25
2,33,2,24.0,240,0.1
2,34,1,24.0,240,0.1
2,34,2,48.0,240,0.2
2,35,1,24.0,240,0.1
2,35,2,36.0,240,0.15
2,36,1,36.0,240,0.15
2,36,2,24.0,240,0.1
2,37,1,36.0,240,0.15
2,37,2,24.0,240,0.1
2,38,1,24.0,240,0.1
2,38,2,36.0,240,0.15
2,39,1,36.0,240,0.15
2,39,2,24.0,240,0.1
2,40,1,36.0,240,0.15
2,40,2,24.0,240,0.1
2,41,1,36.0,240,0.15
2,41,2,24.0,240,0.1
2,42,1,36.0,240,0.15
2,42,2,24.0,240,0.1
2,43,1,36.0,240,0.15
2,43,2,24.0,240,0.1
2,44,1,24.0,240,0.1
2,44,2,24.0,240,0.1
2,45,1,24.0,240,0.1
2,45,2,0.0,240,0.0
2,46,1,24.0,240,0.1
2,46,2,0.0,240,0.0
2,47,1,24.0,240,0.1
2,47,2,0.0,240,0.0
2,48,1,24.0,240,0.1
2,48,2,0.0,240,0.0
2,49,1,12.0,240,0.05
2,49,2,0.0,240,0.0
2,50,1,0.0,240,0.0
2,50,2,0.0,240,0.0
2,51,1,0.0,240,0.0
2,51,2,0.0,240,0.0
2,52,1,0.0,240,0.0
2,52,2,0.0,240,0.0
2,53,1,0.0,240,0.0
2,53,2,0.0,240,0.0
2,54,1,0.0,240,0.0
2,54,2,0.0,240,0.0
2,55,1,0.0,240,0.0
2,55,2,0.0,240,0.0
2,56,1,0.0,240,0.0
2,56,2,0.0,240,0.0
2,57,1,0.0,240,0.0
2,57,2,0.0,240,0.0
2,58,1,0.0,240,0.0
2,58,2,0.0,240,0.0
2,59,1,0.0,240,0.0
2,59,2,0.0,240,0.0
2,60,1,0.0,240,0.0
2,60,2,0.0,240,0.0
2,61,1,0.0,240,0.0
2,61,2,0.0,240,0.0
2,62,1,0.0,240,0.0
2,62,2,0.0,240,0.0
2,63,1,0.0,240,0.0
2,63,2,0.0,240,0.0
2,64,1,0.0,240,0.0
2,64,2,0.0,240,0.0
2,65,1,0.0,240,0.0
2,65,2,0.0,240,0.0
2,66,1,0.0,240,0.0
2,66,2,0.0,240,0.0
2,67,1,0.0,240,0.0
2,67,2,0.0,240,0.0
2,68,1,0.0,240,0.0
2,68,2,0.0,240,0.0
2,69,1,0.0,240,0.0
2,69,2,0.0,240,0.0
2,70,1,0.0,240,0.0
2,70,2,0.0,240,0.0
2,71,1,0.0,240,0.0
2,71,2,0.0,240,0.0
2,72,1,0.0,240,0.0
2,72,2,0.0,240,0.0
2,73,1,0.0,240,0.0
2,73,2,0.0,240,0.0
2,74,1,0.0,240,0.0
2,74,2,0.0,240,0.0
2,75,1,0.0,240,0.0
2,75,2,0.0,240,0.0
2,76,1,0.0,240,0.0
2,76,2,0.0,240,0.0
2,77,1,0.0,240,0.0
2,77,2,0.0,240,0.0
2,78,1,0.0,240,0.0
2,78,2,0.0,240,0.0
2,79,1,0.0,240,0.0
2,79,2,0.0,240,0.0
2,80,1,0.0,240,0.0
2,80,2,0.0,240,0.0
2,81,1,0.0,240,0.0
2,81,2,0.0,240,0.0
2,82,1,0.0,240,0.0
2,82,2,0.0,240,0.0
2,83,1,0.0,240,0.0
2,83,2,0.0,240,0.0
2,84,1,0.0,240,0.0
2,84,2,0.0,240,0.0
2,85,1,0.0,240,0.0
2,85,2,0.0,240,0.0
2,86,1,0.0,240,0.0
2,86,2,0.0,240,0.0
3,1,1,48.0,60,0.8
3,1,2,48.0,72,0.6666666666666666
3,2,1,0.0,84,0.0
3,2,2,72.0,120,0.6
3,3,1,60.0,96,0.625
3,3,2,0.0,168,0.0
3,4,1,0.0,96,0.0
3,4,2,60.0,168,0.35714285714285715
3,5,1,48.0,96,0.5
3,5,2,12.0,180,0.06666666666666667
3,6,1,0.0,96,0.0
3,6,2,60.0,198,0.30303030303030304
3,7,1,48.0,96,0.5
3,7,2,12.0,240,0.05
3,8,1,48.0,120,0.4
3,8,2,12.0,240,0.05
3,9,1,0.0,144,0.0
3,9,2,84.0,240,0.35
3,10,1,60.0,144,0.4166666666666667
3,10,2,12.0,240,0.05
3,11,1,108.0,144,0.75
3,11,2,12.0,240,0.05
3,12,1,96.0,144,0.6666666666666666
3,12,2,12.0,240,0.05
3,13,1,108.0,144,0.75
3,13,2,24.0,240,0.1
3,14,1,72.0,156,0.46153846153846156
3,14,2,24.0,240,0.1
3,15,1,72.0,156,0.46153846153846156
3,15,2,24.0,240,0.1
3,16,1,0.0,156,0.0
3,16,2,96.0,240,0.4
3,17,1,84.0,168,0.5
3,17,2,12.0,240,0.05
3,18,1,72.0,180,0.4
3,18,2,24.0,240,0.1
3,19,1,84.0,192,0.4375
3,19,2,36.0,240,0.15
3,20,1,120.0,192,0.625
3,20,2,24.0,240,0.1
3,21,1,84.0,192,0.4375
3,21,2,60.0,240,0.25
3,22,1,72.0,216,0.3333333333333333
3,22,2,48.0,240,0.2
3,23,1,60.0,228,0.2631578947368421
3,23,2,60.0,240,0.25
3,24,1,72.0,240,0.3
3,24,2,48.0,240,0.2
3,25,1,60.0,240,0.25
3,25,2,36.0,240,0.15
3,26,1,0.0,240,0.0
3,26,2,72.0,240,0.3
3,27,1,24.0,240,0.1
3,27,2,12.0,240,0.05
3,28,1,24.0,240,0.1
3,28,2,12.0,240,0.05
3,29,1,36.0,240,0.15
3,29,2,0.0,240,0.0
3,30,1,12.0,240,0.05
3,30,2,24.0,240,0.1
3,31,1,12.0,240,0.05
3,31,2,24.0,240,0.1
3,32,1,24.0,240,0.1
3,32,2,12.0,240,0.05
3,33,1,12.0,240,0.05
3,33,2,24.0,240,0.1
3,34,1,12.0,240,0.05
3,34,2,24.0,240,0.1
3,35,1,12.0,240,0.05
3,35,2,0.0,240,0.0
3,36,1,12.0,240,0.05
3,36,2,0.0,240,0.0
3,37,1,0.0,240,0.0
3,37,2,0.0,240,0.0
3,38,1,0.0,240,0.0
3,38,2,0.0,240,0.0
3,39,1,0.0,240,0.0
3,39,2,0.0,240,0.0
3,40,1,0.0,240,0.0
3,40,2,0.0,240,0.0
3,41,1,0.0,240,0.0
3,41,2,0.0,240,0.0
3,42,1,0.0,240,0.0
3,42,2,0.0,240,0.0
3,43,1,0.0,240,0.0
3,43,2,0.0,240,0.0
3,44,1,0.0,240,0.0
3,44,2,0.0,240,0.0
3,45,1,0.0,240,0.0
3,45,2,0.0,240,0.0
3,46,1,0.0,240,0.0
3,46,2,0.0,240,0.0
3,47,1,0.0,240,0.0
3,47,2,0.0,240,0.0
3,48,1,0.0,240,0.0
3,48,2,0.0,240,0.0
3,49,1,0.0,240,0.0
3,49,2,0.0,240,0.0
3,50,1,0.0,240,0.0
3,50,2,0.0,240,0.0
3,51,1,0.0,240,0.0
3,51,2,0.0,240,0.0
3,52,1,0.0,240,0.0
3,52,2,0.0,240,0.0
3,53,1,0.0,240,0.0
3,53,2,0.0,240,0.0
3,54,1,0.0,240,0.0
3,54,2,0.0,240,0.0
3,55,1,0.0,240,0.0
3,55,2,0.0,240,0.0
3,56,1,0.0,240,0.0
3,56,2,0.0,240,0.0
3,57,1,0.0,240,0.0
3,57,2,0.0,240,0.0
3,58,1,0.0,240,0.0
3,58,2,0.0,240,0.0
3,59,1,0.0,240,0.0
3,59,2,0.0,240,0.0
3,60,1,0.0,240,0.0
3,60,2,0.0,240,0.0
3,61,1,0.0,240,0.0
3,61,2,0.0,240,0.0
3,62,1,0.0,240,0.0
3,62,2,0.0,240,0.0
3,63,1,0.0,240,0.0
3,63,2,0.0,240,0.0
3,64,1,0.0,240,0.0
3,64,2,0.0,240,0.0
3,65,1,0.0,240,0.0
3,65,2,0.0,240,0.0
3,66,1,0.0,240,0.0
3,66,2,0.0,240,0.0
3,67,1,0.0,240,0.0
3,67,2,0.0,240,0.0
3,68,1,0.0,240,0.0
3,68,2,0.0,240,0.0
3,69,1,0.0,240,0.0
3,69,2,0.0,240,0.0
3,70,1,0.0,240,0.0
3,70,2,0.0,240,0.0
3,71,1,0.0,240,0.0
3,71,2,0.0,240,0.0
3,72,1,0.0,240,0.0
3,72,2,0.0,240,0.0
3,73,1,0.0,240,0.0
3,73,2,0.0,240,0.0
3,74,1,0.0,240,0.0
3,74,2,0.0,240,0.0
3,75,1,0.0,240,0.0
3,75,2,0.0,240,0.0
3,76,1,0.0,240,0.0
3,76,2,0.0,240,0.0
3,77,1,0.0,240,0.0
3,77,2,0.0,240,0.0
3,78,1,0.0,240,0.0
3,78,2,0.0,240,0.0
3,79,1,0.0,240,0.0
3,79,2,0.0,240,0.0
3,80,1,0.0,240,0.0
3,80,2,0.0,240,0.0
3,81,1,0.0,240,0.0
3,81,2,0.0,240,0.0
3,82,1,0.0,240,0.0
3,82,2,0.0,240,0.0
3,83,1,0.0,240,0.0
3,83,2,0.0,240,0.0
3,84,1,0.0,240,0.0
3,84,2,0.0,240,0.0
3,85,1,0.0,240,0.0
3,85,2,0.0,240,0.0
3,86,1,0.0,240,0.0
3,86,2,0.0,240,0.0
4,1,1,48.0,96,0.5
4,1,2,0.0,108,0.0
4,2,1,0.0,96,0.0
4,2,2,48.0,132,0.36363636363636365
4,3,1,36.0,120,0.3
4,3,2,12.0,144,0.08333333333333333
4,4,1,0.0,132,0.0
4,4,2,72.0,144,0.5
4,5,1,0.0,144,0.0
4,5,2,72.0,156,0.46153846153846156
4,6,1,0.0,144,0.0
4,6,2,72.0,156,0.46153846153846156
4,7,1,0.0,156,0.0
4,7,2,48.0,156,0.3076923076923077
4,8,1,12.0,156,0.07692307692307693
4,8,2,12.0,204,0.058823529411764705
4,9,1,0.0,168,0.0
4,9,2,24.0,204,0.11764705882352941
4,10,1,24.0,168,0.14285714285714285
4,10,2,24.0,216,0.1111111111111111
4,11,1,48.0,168,0.2857142857142857
4,11,2,24.0,216,0.1111111111111111
4,12,1,48.0,180,0.26666666666666666
4,12,2,24.0,216,0.1111111111111111
4,13,1,24.0,180,0.13333333333333333
4,13,2,24.0,216,0.1111111111111111
4,14,1,0.0,180,0.0
4,14,2,48.0,216,0.2222222222222222
4,15,1,24.0,192,0.125
4,15,2,24.0,216,0.1111111111111111
4,16,1,24.0,192,0.125
4,16,2,12.0,216,0.05555555555555555
4,17,1,24.0,192,0.125
4,17,2,12.0,216,0.05555555555555555
4,18,1,12.0,192,0.0625
4,18,2,24.0,228,0.10526315789473684
4,19,1,96.0,192,0.5
4,19,2,12.0,228,0.05263157894736842
4,20,1,96.0,192,0.5
4,20,2,12.0,228,0.05263157894736842
4,21,1,96.0,192,0.5
4,21,2,12.0,228,0.05263157894736842
4,22,1,24.0,192,0.125
4,22,2,12.0,240,0.05
4,23,1,24.0,216,0.1111111111111111
4,23,2,12.0,240,0.05
4,24,1,24.0,228,0.10526315789473684
4,24,2,12.0,240,0.05
4,25,1,36.0,240,0.15
4,25,2,0.0,240,0.0
4,26,1,0.0,240,0.0
4,26,2,24.0,240,0.1
4,27,1,0.0,240,0.0
4,27,2,24.0,240,0.1
4,28,1,0.0,240,0.0
4,28,2,24.0,240,0.1
4,29,1,0.0,240,0.0
4,29,2,24.0,240,0.1
4,30,1,0.0,240,0.0
4,30,2,24.0,240,0.1
4,31,1,24.0,240,0.1
4,31,2,0.0,240,0.0
4,32,1,24.0,240,0.1
4,32,2,0.0,240,0.0
4,33,1,24.0,240,0.1
4,33,2,0.0,240,0.0
4,34,1,24.0,240,0.1
4,34,2,0.0,240,0.0
4,35,1,24.0,240,0.1
4,35,2,0.0,240,0.0
4,36,1,0.0,240,0.0
4,36,2,0.0,240,0.0
4,37,1,0.0,240,0.0
4,37,2,0.0,240,0.0
4,38,1,0.0,240,0.0
4,38,2,0.0,240,0.0
4,39,1,0.0,240,0.0
4,39,2,0.0,240,0.0
4,40,1,0.0,240,0.0
4,40,2,0.0,240,0.0
4,41,1,0.0,240,0.0
4,41,2,0.0,240,0.0
4,42,1,0.0,240,0.0
4,42,2,0.0,240,0.0
4,43,1,0.0,240,0.0
4,43,2,0.0,240,0.0
4,44,1,0.0,240,0.0
4,44,2,0.0,240,0.0
4,45,1,0.0,240,0.0
4,45,2,0.0,240,0.0
4,46,1,0.0,240,0.0
4,46,2,0.0,240,0.0
4,47,1,0.0,240,0.0
4,47,2,0.0,240,0.0
4,48,1,0.0,240,0.0
4,48,2,0.0,240,0.0
4,49,1,0.0,240,0.0
4,49,2,0.0,240,0.0
4,50,1,0.0,240,0.0
4,50,2,0.0,240,0.0
4,51,1,0.0,240,0.0
4,51,2,0.0,240,0.0
4,52,1,0.0,240,0.0
4,52,2,0.0,240,0.0
4,53,1,0.0,240,0.0
4,53,2,0.0,240,0.0
4,54,1,0.0,240,0.0
4,54,2,0.0,240,0.0
4,55,1,0.0,240,0.0
4,55,2,0.0,240,0.0
4,56,1,0.0,240,0.0
4,56,2,0.0,240,0.0
4,57,1,0.0,240,0.0
4,57,2,0.0,240,0.0
4,58,1,0.0,240,0.0
4,58,2,0.0,240,0.0
4,59,1,0.0,240,0.0
4,59,2,0.0,240,0.0
4,60,1,0.0,240,0.0
4,60,2,0.0,240,0.0
4,61,1,0.0,240,0.0
4,61,2,0.0,240,0.0
4,62,1,0.0,240,0.0
4,62,2,0.0,240,0.0
4,63,1,0.0,240,0.0
4,63,2,0.0,240,0.0
4,64,1,0.0,240,0.0
4,64,2,0.0,240,0.0
4,65,1,0.0,240,0.0
4,65,2,0.0,240,0.0
4,66,1,0.0,240,0.0
4,66,2,0.0,240,0.0
4,67,1,0.0,240,0.0
4,67,2,0.0,240,0.0
4,68,1,0.0,240,0.0
4,68,2,0.0,240,0.0
4,69,1,0.0,240,0.0
4,69,2,0.0,240,0.0
4,70,1,0.0,240,0.0
4,70,2,0.0,240,0.0
4,71,1,0.0,240,0.0
4,71,2,0.0,240,0.0
4,72,1,0.0,240,0.0
4,72,2,0.0,240,0.0
4,73,1,0.0,240,0.0
4,73,2,0.0,240,0.0
4,74,1,0.0,240,0.0
4,74,2,0.0,240,0.0
4,75,1,0.0,240,0.0
4,75,2,0.0,240,0.0
4,76,1,0.0,240,0.0
4,76,2,0.0,240,0.0
4,77,1,0.0,240,0.0
4,77,2,0.0,240,0.0
4,78,1,0.0,240,0.0
4,78,2,0.0,240,0.0
4,79,1,0.0,240,0.0
4,79,2,0.0,240,0.0
4,80,1,0.0,240,0.0
4,80,2,0.0,240,0.0
4,81,1,0.0,240,0.0
4,81,2,0.0,240,0.0
4,82,1,0.0,240,0.0
4,82,2,0.0,240,0.0
4,83,1,0.0,240,0.0
4,83,2,0.0,240,0.0
4,84,1,0.0,240,0.0
4,84,2,0.0,240,0.0
4,85,1,0.0,240,0.0
4,85,2,0.0,240,0.0
4,86,1,0.0,240,0.0
4,86,2,0.0,240,0.0
5,1,1,0.0,66,0.0
5,1,2,24.0,96,0.25
5,2,1,0.0,102,0.0
5,2,2,48.0,96,0.5
5,3,1,24.0,102,0.23529411764705882
5,3,2,12.0,120,0.1
5,4,1,0.0,102,0.0
5,4,2,36.0,120,0.3
5,5,1,24.0,102,0.23529411764705882
5,5,2,0.0,120,0.0
5,6,1,24.0,120,0.2
5,6,2,24.0,156,0.15384615384615385
5,7,1,24.0,132,0.18181818181818182
5,7,2,36.0,156,0.23076923076923078
5,8,1,24.0,132,0.18181818181818182
5,8,2,24.0,156,0.15384615384615385
5,9,1,0.0,156,0.0
5,9,2,72.0,156,0.46153846153846156
5,10,1,48.0,156,0.3076923076923077
5,10,2,12.0,168,0.07142857142857142
5,11,1,72.0,180,0.4
5,11,2,12.0,168,0.07142857142857142
5,12,1,48.0,180,0.26666666666666666
5,12,2,24.0,204,0.11764705882352941
5,13,1,0.0,180,0.0
5,13,2,72.0,204,0.35294117647058826
5,14,1,48.0,180,0.26666666666666666
5,14,2,24.0,204,0.11764705882352941
5,15,1,48.0,180,0.26666666666666666
5,15,2,24.0,204,0.11764705882352941
5,16,1,60.0,180,0.3333333333333333
5,16,2,12.0,216,0.05555555555555555
5,17,1,60.0,180,0.3333333333333333
5,17,2,36.0,216,0.16666666666666666
5,18,1,60.0,180,0.3333333333333333
5,18,2,36.0,216,0.16666666666666666
5,19,1,60.0,192,0.3125
5,19,2,36.0,228,0.15789473684210525
5,20,1,60.0,204,0.29411764705882354
5,20,2,12.0,228,0.05263157894736842
5,21,1,60.0,216,0.2777777777777778
5,21,2,36.0,240,0.15
5,22,1,48.0,228,0.21052631578947367
5,22,2,48.0,240,0.2
5,23,1,48.0,228,0.21052631578947367
5,23,2,48.0,240,0.2
5,24,1,48.0,240,0.2
5,24,2,12.0,240,0.05
5,25,1,0.0,240,0.0
5,25,2,60.0,240,0.25
5,26,1,0.0,240,0.0
5,26,2,60.0,240,0.25
5,27,1,48.0,240,0.2
5,27,2,12.0,240,0.05
5,28,1,48.0,240,0.2
5,28,2,0.0,240,0.0
5,29,1,48.0,240,0.2
5,29,2,0.0,240,0.0
5,30,1,24.0,240,0.1
5,30,2,0.0,240,0.0
5,31,1,12.0,240,0.05
5,31,2,0.0,240,0.0
5,32,1,12.0,240,0.05
5,32,2,0.0,240,0.0
5,33,1,12.0,240,0.05
5,33,2,0.0,240,0.0
5,34,1,12.0,240,0.05
5,34,2,0.0,240,0.0
5,35,1,12.0,240,0.05
5,35,2,0.0,240,0.0
5,36,1,12.0,240,0.05
5,36,2,0.0,240,0.0
5,37,1,0.0,240,0.0
5,37,2,0.0,240,0.0
5,38,1,0.0,240,0.0
5,38,2,0.0,240,0.0
5,39,1,0.0,240,0.0
5,39,2,0.0,240,0.0
5,40,1,0.0,240,0.0
5,40,2,0.0,240,0.0
5,41,1,0.0,240,0.0
5,41,2,0.0,240,0.0
5,42,1,0.0,240,0.0
5,42,2,0.0,240,0.0
5,43,1,0.0,240,0.0
5,43,2,0.0,240,0.0
5,44,1,0.0,240,0.0
5,44,2,0.0,240,0.0
5,45,1,0.0,240,0.0
5,45,2,0.0,240,0.0
5,46,1,0.0,240,0.0
5,46,2,0.0,240,0.0
5,47,1,0.0,240,0.0
5,47,2,0.0,240,0.0
5,48,1,0.0,240,0.0
5,48,2,0.0,240,0.0
5,49,1,0.0,240,0.0
5,49,2,0.0,240,0.0
5,50,1,0.0,240,0.0
5,50,2,0.0,240,0.0
5,51,1,0.0,240,0.0
5,51,2,0.0,240,0.0
5,52,1,0.0,240,0.0
5,52,2,0.0,240,0.0
5,53,1,0.0,240,0.0
5,53,2,0.0,240,0.0
5,54,1,0.0,240,0.0
5,54,2,0.0,240,0.0
5,55,1,0.0,240,0.0
5,55,2,0.0,240,0.0
5,56,1,0.0,240,0.0
5,56,2,0.0,240,0.0
5,57,1,0.0,240,0.0
5,57,2,0.0,240,0.0
5,58,1,0.0,240,0.0
5,58,2,0.0,240,0.0
5,59,1,0.0,240,0.0
5,59,2,0.0,240,0.0
5,60,1,0.0,240,0.0
5,60,2,0.0,240,0.0
5,61,1,0.0,240,0.0
5,61,2,0.0,240,0.0
5,62,1,0.0,240,0.0
5,62,2,0.0,240,0.0
5,63,1,0.0,240,0.0
5,63,2,0.0,240,0.0
5,64,1,0.0,240,0.0
5,64,2,0.0,240,0.0
5,65,1,0.0,240,0.0
5,65,2,0.0,240,0.0
5,66,1,0.0,240,0.0
5,66,2,0.0,240,0.0
5,67,1,0.0,240,0.0
5,67,2,0.0,240,0.0
5,68,1,0.0,240,0.0
5,68,2,0.0,240,0.0
5,69,1,0.0,240,0.0
5,69,2,0.0,240,0.0
5,70,1,0.0,240,0.0
5,70,2,0.0,240,0.0
5,71,1,0.0,240,0.0
5,71,2,0.0,240,0.0
5,72,1,0.0,240,0.0
5,72,2,0.0,240,0.0
5,73,1,0.0,240,0.0
5,73,2,0.0,240,0.0
5,74,1,0.0,240,0.0
5,74,2,0.0,240,0.0
5,75,1,0.0,240,0.0
5,75,2,0.0,240,0.0
5,76,1,0.0,240,0.0
5,76,2,0.0,240,0.0
5,77,1,0.0,240,0.0
5,77,2,0.0,240,0.0
5,78,1,0.0,240,0.0
5,78,2,0.0,240,0.0
5,79,1,0.0,240,0.0
5,79,2,0.0,240,0.0
5,80,1,0.0,240,0.0
5,80,2,0.0,240,0.0
5,81,1,0.0,240,0.0
5,81,2,0.0,240,0.0
5,82,1,0.0,240,0.0
5,82,2,0.0,240,0.0
5,83,1,0.0,240,0.0
5,83,2,0.0,240,0.0
5,84,1,0.0,240,0.0
5,84,2,0.0,240,0.0
5,85,1,0.0,240,0.0
5,85,2,0.0,240,0.0
5,86,1,0.0,240,0.0
5,86,2,0.0,240,0.0
6,1,1,0.0,90,0.0
6,1,2,72.0,132,0.5454545454545454
6,2,1,24.0,108,0.2222222222222222
6,2,2,24.0,132,0.18181818181818182
6,3,1,0.0,108,0.0
6,3,2,48.0,132,0.36363636363636365
6,4,1,48.0,132,0.36363636363636365
6,4,2,24.0,156,0.15384615384615385
6,5,1,24.0,144,0.16666666666666666
6,5,2,24.0,156,0.15384615384615385
6,6,1,0.0,174,0.0
6,6,2,96.0,174,0.5517241379310345
6,7,1,0.0,186,0.0
6,7,2,72.0,174,0.41379310344827586
6,8,1,48.0,186,0.25806451612903225
6,8,2,24.0,198,0.12121212121212122
6,9,1,48.0,186,0.25806451612903225
6,9,2,24.0,198,0.12121212121212122
6,10,1,48.0,198,0.24242424242424243
6,10,2,24.0,198,0.12121212121212122
6,11,1,72.0,198,0.36363636363636365
6,11,2,24.0,198,0.12121212121212122
6,12,1,48.0,198,0.24242424242424243
6,12,2,84.0,198,0.42424242424242425
6,13,1,60.0,216,0.2777777777777778
6,13,2,48.0,210,0.22857142857142856
6,14,1,60.0,216,0.2777777777777778
6,14,2,48.0,210,0.22857142857142856
6,15,1,72.0,228,0.3157894736842105
6,15,2,60.0,228,0.2631578947368421
6,16,1,108.0,228,0.47368421052631576
6,16,2,60.0,228,0.2631578947368421
6,17,1,84.0,228,0.3684210526315789
6,17,2,60.0,228,0.2631578947368421
6,18,1,60.0,228,0.2631578947368421
6,18,2,84.0,228,0.3684210526315789
6,19,1,120.0,228,0.5263157894736842
6,19,2,72.0,228,0.3157894736842105
6,20,1,108.0,228,0.47368421052631576
6,20,2,60.0,240,0.25
6,21,1,120.0,240,0.5
6,21,2,48.0,240,0.2
6,22,1,96.0,240,0.4
6,22,2,96.0,240,0.4
6,23,1,96.0,240,0.4
6,23,2,96.0,240,0.4
6,24,1,0.0,240,0.0
6,24,2,192.0,240,0.8
6,25,1,84.0,240,0.35
6,25,2,84.0,240,0.35
6,26,1,108.0,240,0.45
6,26,2,60.0,240,0.25
6,27,1,96.0,240,0.4
6,27,2,48.0,240,0.2
6,28,1,96.0,240,0.4
6,28,2,48.0,240,0.2
6,29,1,108.0,240,0.45
6,29,2,36.0,240,0.15
6,30,1,84.0,240,0.35
6,30,2,36.0,240,0.15
6,31,1,72.0,240,0.3
6,31,2,48.0,240,0.2
6,32,1,60.0,240,0.25
6,32,2,24.0,240,0.1
6,33,1,60.0,240,0.25
6,33,2,24.0,240,0.1
6,34,1,60.0,240,0.25
6,34,2,12.0,240,0.05
6,35,1,48.0,240,0.2
6,35,2,24.0,240,0.1
6,36,1,48.0,240,0.2
6,36,2,12.0,240,0.05
6,37,1,48.0,240,0.2
6,37,2,12.0,240,0.05
6,38,1,48.0,240,0.2
6,38,2,12.0,240,0.05
6,39,1,48.0,240,0.2
6,39,2,12.0,240,0.05
6,40,1,36.0,240,0.15
6,40,2,12.0,240,0.05
6,41,1,36.0,240,0.15
6,41,2,12.0,240,0.05
6,42,1,24.0,240,0.1
6,42,2,0.0,240,0.0
6,43,1,24.0,240,0.1
6,43,2,0.0,240,0.0
6,44,1,24.0,240,0.1
6,44,2,0.0,240,0.0
6,45,1,0.0,240,0.0
6,45,2,0.0,240,0.0
6,46,1,0.0,240,0.0
6,46,2,0.0,240,0.0
6,47,1,0.0,240,0.0
6,47,2,0.0,240,0.0
6,48,1,0.0,240,0.0
6,48,2,0.0,240,0.0
6,49,1,0.0,240,0.0
6,49,2,0.0,240,0.0
6,50,1,0.0,240,0.0
6,50,2,0.0,240,0.0
6,51,1,0.0,240,0.0
6,51,2,0.0,240,0.0
6,52,1,0.0,240,0.0
6,52,2,0.0,240,0.0
6,53,1,0.0,240,0.0
6,53,2,0.0,240,0.0
6,54,1,0.0,240,0.0
6,54,2,0.0,240,0.0
6,55,1,0.0,240,0.0
6,55,2,0.0,240,0.0
6,56,1,0.0,240,0.0
6,56,2,0.0,240,0.0
6,57,1,0.0,240,0.0
6,57,2,0.0,240,0.0
6,58,1,0.0,240,0.0
6,58,2,0.0,240,0.0
6,59,1,0.0,240,0.0
6,59,2,0.0,240,0.0
6,60,1,0.0,240,0.0
6,60,2,0.0,240,0.0
6,61,1,0.0,240,0.0
6,61,2,0.0,240,0.0
6,62,1,0.0,240,0.0
6,62,2,0.0,240,0.0
6,63,1,0.0,240,0.0
6,63,2,0.0,240,0.0
6,64,1,0.0,240,0.0
6,64,2,0.0,240,0.0
6,65,1,0.0,240,0.0
6,65,2,0.0,240,0.0
6,66,1,0.0,240,0.0
6,66,2,0.0,240,0.0
6,67,1,0.0,240,0.0
6,67,2,0.0,240,0.0
6,68,1,0.0,240,0.0
6,68,2,0.0,240,0.0
6,69,1,0.0,240,0.0
6,69,2,0.0,240,0.0
6,70,1,0.0,240,0.0
6,70,2,0.0,240,0.0
6,71,1,0.0,240,0.0
6,71,2,0.0,240,0.0
6,72,1,0.0,240,0.0
6,72,2,0.0,240,0.0
6,73,1,0.0,240,0.0
6,73,2,0.0,240,0.0
6,74,1,0.0,240,0.0
6,74,2,0.0,240,0.0
6,75,1,0.0,240,0.0
6,75,2,0.0,240,0.0
6,76,1,0.0,240,0.0
6,76,2,0.0,240,0.0
6,77,1,0.0,240,0.0
6,77,2,0.0,240,0.0
6,78,1,0.0,240,0.0
6,78,2,0.0,240,0.0
6,79,1,0.0,240,0.0
6,79,2,0.0,240,0.0
6,80,1,0.0,240,0.0
6,80,2,0.0,240,0.0
6,81,1,0.0,240,0.0
6,81,2,0.0,240,0.0
6,82,1,0.0,240,0.0
6,82,2,0.0,240,0.0
6,83,1,0.0,240,0.0
6,83,2,0.0,240,0.0
6,84,1,0.0,240,0.0
6,84,2,0.0,240,0.0
6,85,1,0.0,240,0.0
6,85,2,0.0,240,0.0
6,86,1,0.0,240,0.0
6,86,2,0.0,240,0.0
7,1,1,0.0,24,0.0
7,1,2,0.0,144,0.0
7,2,1,0.0,72,0.0
7,2,2,48.0,144,0.3333333333333333
7,3,1,36.0,84,0.42857142857142855
7,3,2,0.0,144,0.0
7,4,1,36.0,96,0.375
7,4,2,24.0,144,0.16666666666666666
7,5,1,0.0,108,0.0
7,5,2,24.0,156,0.15384615384615385
7,6,1,0.0,132,0.0
7,6,2,24.0,156,0.15384615384615385
7,7,1,0.0,132,0.0
7,7,2,48.0,156,0.3076923076923077
7,8,1,0.0,132,0.0
7,8,2,60.0,156,0.38461538461538464
7,9,1,24.0,132,0.18181818181818182
7,9,2,24.0,192,0.125
7,10,1,24.0,144,0.16666666666666666
7,10,2,24.0,204,0.11764705882352941
7,11,1,0.0,144,0.0
7,11,2,72.0,216,0.3333333333333333
7,12,1,0.0,156,0.0
7,12,2,132.0,216,0.6111111111111112
7,13,1,60.0,156,0.38461538461538464
7,13,2,84.0,216,0.3888888888888889
7,14,1,60.0,168,0.35714285714285715
7,14,2,72.0,228,0.3157894736842105
7,15,1,72.0,168,0.42857142857142855
7,15,2,84.0,228,0.3684210526315789
7,16,1,0.0,168,0.0
7,16,2,156.0,228,0.6842105263157895
7,17,1,36.0,180,0.2
7,17,2,108.0,228,0.47368421052631576
7,18,1,24.0,192,0.125
7,18,2,96.0,228,0.42105263157894735
7,19,1,0.0,192,0.0
7,19,2,120.0,240,0.5
7,20,1,36.0,204,0.17647058823529413
7,20,2,84.0,240,0.35
7,21,1,36.0,204,0.17647058823529413
7,21,2,84.0,240,0.35
7,22,1,36.0,228,0.15789473684210525
7,22,2,108.0,240,0.45
7,23,1,36.0,240,0.15
7,23,2,96.0,240,0.4
7,24,1,36.0,240,0.15
7,24,2,84.0,240,0.35
7,25,1,24.0,240,0.1
7,25,2,108.0,240,0.45
7,26,1,0.0,240,0.0
7,26,2,132.0,240,0.55
7,27,1,36.0,240,0.15
7,27,2,96.0,240,0.4
7,28,1,0.0,240,0.0
7,28,2,108.0,240,0.45
7,29,1,0.0,240,0.0
7,29,2,96.0,240,0.4
7,30,1,12.0,240,0.05
7,30,2,72.0,240,0.3
7,31,1,24.0,240,0.1
7,31,2,60.0,240,0.25
7,32,1,12.0,240,0.05
7,32,2,72.0,240,0.3
7,33,1,12.0,240,0.05
7,33,2,72.0,240,0.3
7,34,1,12.0,240,0.05
7,34,2,48.0,240,0.2
7,35,1,12.0,240,0.05
7,35,2,36.0,240,0.15
7,36,1,0.0,240,0.0
7,36,2,36.0,240,0.15
7,37,1,0.0,240,0.0
7,37,2,36.0,240,0.15
7,38,1,0.0,240,0.0
7,38,2,36.0,240,0.15
7,39,1,0.0,240,0.0
7,39,2,24.0,240,0.1
7,40,1,0.0,240,0.0
7,40,2,12.0,240,0.05
7,41,1,0.0,240,0.0
7,41,2,12.0,240,0.05
7,42,1,0.0,240,0.0
7,42,2,12.0,240,0.05
7,43,1,0.0,240,0.0
7,43,2,12.0,240,0.05
7,44,1,0.0,240,0.0
7,44,2,12.0,240,0.05
7,45,1,0.0,240,0.0
7,45,2,12.0,240,0.05
7,46,1,0.0,240,0.0
7,46,2,0.0,240,0.0
7,47,1,0.0,240,0.0
7,47,2,0.0,240,0.0
7,48,1,0.0,240,0.0
7,48,2,0.0,240,0.0
7,49,1,0.0,240,0.0
7,49,2,0.0,240,0.0
7,50,1,0.0,240,0.0
7,50,2,0.0,240,0.0
7,51,1,0.0,240,0.0
7,51,2,0.0,240,0.0
7,52,1,0.0,240,0.0
7,52,2,0.0,240,0.0
7,53,1,0.0,240,0.0
7,53,2,0.0,240,0.0
7,54,1,0.0,240,0.0
7,54,2,0.0,240,0.0
7,55,1,0.0,240,0.0
7,55,2,0.0,240,0.0
7,56,1,0.0,240,0.0
7,56,2,0.0,240,0.0
7,57,1,0.0,240,0.0
7,57,2,0.0,240,0.0
7,58,1,0.0,240,0.0
7,58,2,0.0,240,0.0
7,59,1,0.0,240,0.0
7,59,2,0.0,240,0.0
7,60,1,0.0,240,0.0
7,60,2,0.0,240,0.0
7,61,1,0.0,240,0.0
7,61,2,0.0,240,0.0
7,62,1,0.0,240,0.0
7,62,2,0.0,240,0.0
7,63,1,0.0,240,0.0
7,63,2,0.0,240,0.0
7,64,1,0.0,240,0.0
7,64,2,0.0,240,0.0
7,65,1,0.0,240,0.0
7,65,2,0.0,240,0.0
7,66,1,0.0,240,0.0
7,66,2,0.0,240,0.0
7,67,1,0.0,240,0.0
7,67,2,0.0,240,0.0
7,68,1,0.0,240,0.0
7,68,2,0.0,240,0.0
7,69,1,0.0,240,0.0
7,69,2,0.0,240,0.0
7,70,1,0.0,240,0.0
7,70,2,0.0,240,0.0
7,71,1,0.0,240,0.0
7,71,2,0.0,240,0.0
7,72,1,0.0,240,0.0
7,72,2,0.0,240,0.0
7,73,1,0.0,240,0.0
7,73,2,0.0,240,0.0
7,74,1,0.0,240,0.0
7,74,2,0.0,240,0.0
7,75,1,0.0,240,0.0
7,75,2,0.0,240,0.0
7,76,1,0.0,240,0.0
7,76,2,0.0,240,0.0
7,77,1,0.0,240,0.0
7,77,2,0.0,240,0.0
7,78,1,0.0,240,0.0
7,78,2,0.0,240,0.0
7,79,1,0.0,240,0.0
7,79,2,0.0,240,0.0
7,80,1,0.0,240,0.0
7,80,2,0.0,240,0.0
7,81,1,0.0,240,0.0
7,81,2,0.0,240,0.0
7,82,1,0.0,240,0.0
7,82,2,0.0,240,0.0
7,83,1,0.0,240,0.0
7,83,2,0.0,240,0.0
7,84,1,0.0,240,0.0
7,84,2,0.0,240,0.0
7,85,1,0.0,240,0.0
7,85,2,0.0,240,0.0
7,86,1,0.0,240,0.0
7,86,2,0.0,240,0.0
8,1,1,24.0,36,0.6666666666666666
8,1,2,96.0,108,0.8888888888888888
8,2,1,0.0,72,0.0
8,2,2,108.0,120,0.9
8,3,1,72.0,84,0.8571428571428571
8,3,2,60.0,120,0.5
8,4,1,12.0,96,0.125
8,4,2,60.0,120,0.5
8,5,1,60.0,96,0.625
8,5,2,84.0,144,0.5833333333333334
8,6,1,48.0,96,0.5
8,6,2,84.0,156,0.5384615384615384
8,7,1,12.0,120,0.1
8,7,2,96.0,156,0.6153846153846154
8,8,1,24.0,120,0.2
8,8,2,36.0,180,0.2
8,9,1,24.0,120,0.2
8,9,2,36.0,180,0.2
8,10,1,72.0,120,0.6
8,10,2,24.0,180,0.13333333333333333
8,11,1,48.0,120,0.4
8,11,2,36.0,180,0.2
8,12,1,72.0,144,0.5
8,12,2,12.0,192,0.0625
8,13,1,36.0,180,0.2
8,13,2,24.0,192,0.125
8,14,1,48.0,180,0.26666666666666666
8,14,2,36.0,204,0.17647058823529413
8,15,1,96.0,204,0.47058823529411764
8,15,2,24.0,204,0.11764705882352941
8,16,1,60.0,204,0.29411764705882354
8,16,2,24.0,216,0.1111111111111111
8,17,1,36.0,204,0.17647058823529413
8,17,2,48.0,216,0.2222222222222222
8,18,1,36.0,204,0.17647058823529413
8,18,2,24.0,216,0.1111111111111111
8,19,1,36.0,204,0.17647058823529413
8,19,2,24.0,228,0.10526315789473684
8,20,1,108.0,204,0.5294117647058824
8,20,2,24.0,228,0.10526315789473684
8,21,1,84.0,204,0.4117647058823529
8,21,2,24.0,228,0.10526315789473684
8,22,1,72.0,228,0.3157894736842105
8,22,2,60.0,240,0.25
8,23,1,12.0,228,0.05263157894736842
8,23,2,48.0,240,0.2
8,24,1,12.0,240,0.05
8,24,2,36.0,240,0.15
8,25,1,48.0,240,0.2
8,25,2,72.0,240,0.3
8,26,1,24.0,240,0.1
8,26,2,84.0,240,0.35
8,27,1,12.0,240,0.05
8,27,2,96.0,240,0.4
8,28,1,0.0,240,0.0
8,28,2,12.0,240,0.05
8,29,1,0.0,240,0.0
8,29,2,12.0,240,0.05
8,30,1,0.0,240,0.0
8,30,2,12.0,240,0.05
8,31,1,12.0,240,0.05
8,31,2,0.0,240,0.0
8,32,1,12.0,240,0.05
8,32,2,0.0,240,0.0
8,33,1,0.0,240,0.0
8,33,2,12.0,240,0.05
8,34,1,12.0,240,0.05
8,34,2,0.0,240,0.0
8,35,1,0.0,240,0.0
8,35,2,12.0,240,0.05
8,36,1,0.0,240,0.0
8,36,2,12.0,240,0.05
8,37,1,12.0,240,0.05
8,37,2,0.0,240,0.0
8,38,1,12.0,240,0.05
8,38,2,0.0,240,0.0
8,39,1,0.0,240,0.0
8,39,2,12.0,240,0.05
8,40,1,0.0,240,0.0
8,40,2,12.0,240,0.05
8,41,1,0.0,240,0.0
8,41,2,12.0,240,0.05
8,42,1,0.0,240,0.0
8,42,2,12.0,240,0.05
8,43,1,12.0,240,0.05
8,43,2,0.0,240,0.0
8,44,1,0.0,240,0.0
8,44,2,12.0,240,0.05
8,45,1,12.0,240,0.05
8,45,2,0.0,240,0.0
8,46,1,12.0,240,0.05
8,46,2,0.0,240,0.0
8,47,1,0.0,240,0.0
8,47,2,0.0,240,0.0
8,48,1,0.0,240,0.0
8,48,2,0.0,240,0.0
8,49,1,0.0,240,0.0
8,49,2,0.0,240,0.0
8,50,1,0.0,240,0.0
8,50,2,0.0,240,0.0
8,51,1,0.0,240,0.0
8,51,2,0.0,240,0.0
8,52,1,0.0,240,0.0
8,52,2,0.0,240,0.0
8,53,1,0.0,240,0.0
8,53,2,0.0,240,0.0
8,54,1,0.0,240,0.0
8,54,2,0.0,240,0.0
8,55,1,0.0,240,0.0
8,55,2,0.0,240,0.0
8,56,1,0.0,240,0.0
8,56,2,0.0,240,0.0
8,57,1,0.0,240,0.0
8,57,2,0.0,240,0.0
8,58,1,0.0,240,0.0
8,58,2,0.0,240,0.0
8,59,1,0.0,240,0.0
8,59,2,0.0,240,0.0
8,60,1,0.0,240,0.0
8,60,2,0.0,240,0.0
8,61,1,0.0,240,0.0
8,61,2,0.0,240,0.0
8,62,1,0.0,240,0.0
8,62,2,0.0,240,0.0
8,63,1,0.0,240,0.0
8,63,2,0.0,240,0.0
8,64,1,0.0,240,0.0
8,64,2,0.0,240,0.0
8,65,1,0.0,240,0.0
8,65,2,0.0,240,0.0
8,66,1,0.0,240,0.0
8,66,2,0.0,240,0.0
8,67,1,0.0,240,0.0
8,67,2,0.0,240,0.0
8,68,1,0.0,240,0.0
8,68,2,0.0,240,0.0
8,69,1,0.0,240,0.0
8,69,2,0.0,240,0.0
8,70,1,0.0,240,0.0
8,70,2,0.0,240,0.0
8,71,1,0.0,240,0.0
8,71,2,0.0,240,0.0
8,72,1,0.0,240,0.0
8,72,2,0.0,240,0.0
8,73,1,0.0,240,0.0
8,73,2,0.0,240,0.0
8,74,1,0.0,240,0.0
8,74,2,0.0,240,0.0
8,75,1,0.0,240,0.0
8,75,2,0.0,240,0.0
8,76,1,0.0,240,0.0
8,76,2,0.0,240,0.0
8,77,1,0.0,240,0.0
8,77,2,0.0,240,0.0
8,78,1,0.0,240,0.0
8,78,2,0.0,240,0.0
8,79,1,0.0,240,0.0
8,79,2,0.0,240,0.0
8,80,1,0.0,240,0.0
8,80,2,0.0,240,0.0
8,81,1,0.0,240,0.0
8,81,2,0.0,240,0.0
8,82,1,0.0,240,0.0
8,82,2,0.0,240,0.0
8,83,1,0.0,240,0.0
8,83,2,0.0,240,0.0
8,84,1,0.0,240,0.0
8,84,2,0.0,240,0.0
8,85,1,0.0,240,0.0
8,85,2,0.0,240,0.0
8,86,1,0.0,240,0.0
8,86,2,0.0,240,0.0
9,1,1,60.0,60,1.0
9,1,2,84.0,192,0.4375
9,2,1,36.0,72,0.5
9,2,2,60.0,192,0.3125
9,3,1,12.0,84,0.14285714285714285
9,3,2,84.0,204,0.4117647058823529
9,4,1,36.0,84,0.42857142857142855
9,4,2,60.0,204,0.29411764705882354
9,5,1,60.0,84,0.7142857142857143
9,5,2,60.0,204,0.29411764705882354
9,6,1,144.0,144,1.0
9,6,2,60.0,204,0.29411764705882354
9,7,1,102.0,144,0.7083333333333334
9,7,2,66.0,204,0.3235294117647059
9,8,1,114.0,144,0.7916666666666666
9,8,2,54.0,204,0.2647058823529412
9,9,1,132.0,144,0.9166666666666666
9,9,2,84.0,204,0.4117647058823529
9,10,1,120.0,144,0.8333333333333334
9,10,2,54.0,216,0.25
9,11,1,120.0,144,0.8333333333333334
9,11,2,102.0,216,0.4722222222222222
9,12,1,144.0,156,0.9230769230769231
9,12,2,54.0,216,0.25
9,13,1,144.0,168,0.8571428571428571
9,13,2,78.0,216,0.3611111111111111
9,14,1,168.0,180,0.9333333333333333
9,14,2,138.0,228,0.6052631578947368
9,15,1,168.0,180,0.9333333333333333
9,15,2,90.0,228,0.39473684210526316
9,16,1,180.0,180,1.0
9,16,2,108.0,228,0.47368421052631576
9,17,1,168.0,180,0.9333333333333333
9,17,2,120.0,240,0.5
9,18,1,192.0,192,1.0
9,18,2,84.0,240,0.35
9,19,1,180.0,204,0.8823529411764706
9,19,2,120.0,240,0.5
9,20,1,204.0,216,0.9444444444444444
9,20,2,84.0,240,0.35
9,21,1,216.0,216,1.0
9,21,2,168.0,240,0.7
9,22,1,216.0,216,1.0
9,22,2,120.0,240,0.5
9,23,1,204.0,228,0.8947368421052632
9,23,2,132.0,240,0.55
9,24,1,168.0,228,0.7368421052631579
9,24,2,240.0,240,1.0
9,25,1,204.0,240,0.85
9,25,2,156.0,240,0.65
9,26,1,240.0,240,1.0
9,26,2,72.0,240,0.3
9,27,1,216.0,240,0.9
9,27,2,96.0,240,0.4
9,28,1,240.0,240,1.0
9,28,2,72.0,240,0.3
9,29,1,240.0,240,1.0
9,29,2,72.0,240,0.3
9,30,1,228.0,240,0.95
9,30,2,60.0,240,0.25
9,31,1,228.0,240,0.95
9,31,2,36.0,240,0.15
9,32,1,168.0,240,0.7
9,32,2,60.0,240,0.25
9,33,1,180.0,240,0.75
9,33,2,48.0,240,0.2
9,34,1,216.0,240,0.9
9,34,2,12.0,240,0.05
9,35,1,168.0,240,0.7
9,35,2,24.0,240,0.1
9,36,1,156.0,240,0.65
9,36,2,36.0,240,0.15
9,37,1,156.0,240,0.65
9,37,2,12.0,240,0.05
9,38,1,144.0,240,0.6
9,38,2,24.0,240,0.1
9,39,1,144.0,240,0.6
9,39,2,24.0,240,0.1
9,40,1,120.0,240,0.5
9,40,2,12.0,240,0.05
9,41,1,108.0,240,0.45
9,41,2,12.0,240,0.05
9,42,1,96.0,240,0.4
9,42,2,0.0,240,0.0
9,43,1,96.0,240,0.4
9,43,2,0.0,240,0.0
9,44,1,96.0,240,0.4
9,44,2,0.0,240,0.0
9,45,1,84.0,240,0.35
9,45,2,0.0,240,0.0
9,46,1,84.0,240,0.35
9,46,2,0.0,240,0.0
9,47,1,36.0,240,0.15
9,47,2,0.0,240,0.0
9,48,1,36.0,240,0.15
9,48,2,0.0,240,0.0
9,49,1,36.0,240,0.15
9,49,2,0.0,240,0.0
9,50,1,0.0,240,0.0
9,50,2,0.0,240,0.0
9,51,1,0.0,240,0.0
9,51,2,0.0,240,0.0
9,52,1,0.0,240,0.0
9,52,2,0.0,240,0.0
9,53,1,0.0,240,0.0
9,53,2,0.0,240,0.0
9,54,1,0.0,240,0.0
9,54,2,0.0,240,0.0
9,55,1,0.0,240,0.0
9,55,2,0.0,240,0.0
9,56,1,0.0,240,0.0
9,56,2,0.0,240,0.0
9,57,1,0.0,240,0.0
9,57,2,0.0,240,0.0
9,58,1,0.0,240,0.0
9,58,2,0.0,240,0.0
9,59,1,0.0,240,0.0
9,59,2,0.0,240,0.0
9,60,1,0.0,240,0.0
9,60,2,0.0,240,0.0
9,61,1,0.0,240,0.0
9,61,2,0.0,240,0.0
9,62,1,0.0,240,0.0
9,62,2,0.0,240,0.0
9,63,1,0.0,240,0.0
9,63,2,0.0,240,0.0
9,64,1,0.0,240,0.0
9,64,2,0.0,240,0.0
9,65,1,0.0,240,0.0
9,65,2,0.0,240,0.0
9,66,1,0.0,240,0.0
9,66,2,0.0,240,0.0
9,67,1,0.0,240,0.0
9,67,2,0.0,240,0.0
9,68,1,0.0,240,0.0
9,68,2,0.0,240,0.0
9,69,1,0.0,240,0.0
9,69,2,0.0,240,0.0
9,70,1,0.0,240,0.0
9,70,2,0.0,240,0.0
9,71,1,0.0,240,0.0
9,71,2,0.0,240,0.0
9,72,1,0.0,240,0.0
9,72,2,0.0,240,0.0
9,73,1,0.0,240,0.0
9,73,2,0.0,240,0.0
9,74,1,0.0,240,0.0
9,74,2,0.0,240,0.0
9,75,1,0.0,240,0.0
9,75,2,0.0,240,0.0
9,76,1,0.0,240,0.0
9,76,2,0.0,240,0.0
9,77,1,0.0,240,0.0
9,77,2,0.0,240,0.0
9,78,1,0.0,240,0.0
9,78,2,0.0,240,0.0
9,79,1,0.0,240,0.0
9,79,2,0.0,240,0.0
9,80,1,0.0,240,0.0
9,80,2,0.0,240,0.0
9,81,1,0.0,240,0.0
9,81,2,0.0,240,0.0
9,82,1,0.0,240,0.0
9,82,2,0.0,240,0.0
9,83,1,0.0,240,0.0
9,83,2,0.0,240,0.0
9,84,1,0.0,240,0.0
9,84,2,0.0,240,0.0
9,85,1,0.0,240,0.0
9,85,2,0.0,240,0.0
9,86,1,0.0,240,0.0
9,86,2,0.0,240,0.0
10,1,1,80.0,120,0.6666666666666666
10,1,2,102.0,120,0.85
10,2,1,40.0,200,0.2
10,2,2,170.0,200,0.85
10,3,1,120.0,200,0.6
10,3,2,220.0,240,0.9166666666666666
10,4,1,80.0,240,0.3333333333333333
10,4,2,130.0,240,0.5416666666666666
10,5,1,100.0,240,0.4166666666666667
10,5,2,170.0,240,0.7083333333333334
10,6,1,100.0,240,0.4166666666666667
10,6,2,222.0,240,0.925
10,7,1,40.0,240,0.16666666666666666
10,7,2,170.0,240,0.7083333333333334
10,8,1,100.0,240,0.4166666666666667
10,8,2,240.0,240,1.0
10,9,1,40.0,240,0.16666666666666666
10,9,2,210.0,240,0.875
10,10,1,40.0,240,0.16666666666666666
10,10,2,230.0,240,0.9583333333333334
10,11,1,142.0,240,0.5916666666666667
10,11,2,180.0,240,0.75
10,12,1,40.0,240,0.16666666666666666
10,12,2,170.0,240,0.7083333333333334
10,13,1,180.0,240,0.75
10,13,2,160.0,240,0.6666666666666666
10,14,1,120.0,240,0.5
10,14,2,130.0,240,0.5416666666666666
10,15,1,140.0,240,0.5833333333333334
10,15,2,70.0,240,0.2916666666666667
10,16,1,40.0,240,0.16666666666666666
10,16,2,140.0,240,0.5833333333333334
10,17,1,40.0,240,0.16666666666666666
10,17,2,40.0,240,0.16666666666666666
10,18,1,40.0,240,0.16666666666666666
10,18,2,80.0,240,0.3333333333333333
10,19,1,40.0,240,0.16666666666666666
10,19,2,40.0,240,0.16666666666666666
10,20,1,40.0,240,0.16666666666666666
10,20,2,0.0,240,0.0
10,21,1,40.0,240,0.16666666666666666
10,21,2,0.0,240,0.0
10,22,1,40.0,240,0.16666666666666666
10,22,2,40.0,240,0.16666666666666666
10,23,1,40.0,240,0.16666666666666666
10,23,2,80.0,240,0.3333333333333333
10,24,1,40.0,240,0.16666666666666666
10,24,2,40.0,240,0.16666666666666666
10,25,1,40.0,240,0.16666666666666666
10,25,2,0.0,240,0.0
10,26,1,40.0,240,0.16666666666666666
10,26,2,0.0,240,0.0
10,27,1,40.0,240,0.16666666666666666
10,27,2,0.0,240,0.0
10,28,1,40.0,240,0.16666666666666666
10,28,2,0.0,240,0.0
10,29,1,40.0,240,0.16666666666666666
10,29,2,0.0,240,0.0
10,30,1,0.0,240,0.0
10,30,2,0.0,240,0.0
10,31,1,0.0,240,0.0
10,31,2,0.0,240,0.0
10,32,1,0.0,240,0.0
10,32,2,0.0,240,0.0
10,33,1,0.0,240,0.0
10,33,2,0.0,240,0.0
10,34,1,0.0,240,0.0
10,34,2,0.0,240,0.0
10,35,1,0.0,240,0.0
10,35,2,0.0,240,0.0
10,36,1,0.0,240,0.0
10,36,2,0.0,240,0.0
10,37,1,0.0,240,0.0
10,37,2,0.0,240,0.0
10,38,1,0.0,240,0.0
10,38,2,0.0,240,0.0
10,39,1,0.0,240,0.0
10,39,2,0.0,240,0.0
10,40,1,0.0,240,0.0
10,40,2,0.0,240,0.0
10,41,1,0.0,240,0.0
10,41,2,0.0,240,0.0
10,42,1,0.0,240,0.0
10,42,2,0.0,240,0.0
10,43,1,0.0,240,0.0
10,43,2,0.0,240,0.0
10,44,1,0.0,240,0.0
10,44,2,0.0,240,0.0
10,45,1,0.0,240,0.0
10,45,2,0.0,240,0.0
10,46,1,0.0,240,0.0
10,46,2,0.0,240,0.0
10,47,1,0.0,240,0.0
10,47,2,0.0,240,0.0
10,48,1,0.0,240,0.0
10,48,2,0.0,240,0.0
10,49,1,0.0,240,0.0
10,49,2,0.0,240,0.0
10,50,1,0.0,240,0.0
10,50,2,0.0,240,0.0
10,51,1,0.0,240,0.0
10,51,2,0.0,240,0.0
10,52,1,0.0,240,0.0
10,52,2,0.0,240,0.0
10,53,1,0.0,240,0.0
10,53,2,0.0,240,0.0
10,54,1,0.0,240,0.0
10,54,2,0.0,240,0.0
10,55,1,0.0,240,0.0
10,55,2,0.0,240,0.0
10,56,1,0.0,240,0.0
10,56,2,0.0,240,0.0
10,57,1,0.0,240,0.0
10,57,2,0.0,240,0.0
10,58,1,0.0,240,0.0
10,58,2,0.0,240,0.0
10,59,1,0.0,240,0.0
10,59,2,0.0,240,0.0
10,60,1,0.0,240,0.0
10,60,2,0.0,240,0.0
10,61,1,0.0,240,0.0
10,61,2,0.0,240,0.0
10,62,1,0.0,240,0.0
10,62,2,0.0,240,0.0
10,63,1,0.0,240,0.0
10,63,2,0.0,240,0.0
10,64,1,0.0,240,0.0
10,64,2,0.0,240,0.0
10,65,1,0.0,240,0.0
10,65,2,0.0,240,0.0
10,66,1,0.0,240,0.0
10,66,2,0.0,240,0.0
10,67,1,0.0,240,0.0
10,67,2,0.0,240,0.0
10,68,1,0.0,240,0.0
10,68,2,0.0,240,0.0
10,69,1,0.0,240,0.0
10,69,2,0.0,240,0.0
10,70,1,0.0,240,0.0
10,70,2,0.0,240,0.0
10,71,1,0.0,240,0.0
10,71,2,0.0,240,0.0
10,72,1,0.0,240,0.0
10,72,2,0.0,240,0.0
10,73,1,0.0,240,0.0
10,73,2,0.0,240,0.0
10,74,1,0.0,240,0.0
10,74,2,0.0,240,0.0
10,75,1,0.0,240,0.0
10,75,2,0.0,240,0.0
10,76,1,0.0,240,0.0
10,76,2,0.0,240,0.0
10,77,1,0.0,240,0.0
10,77,2,0.0,240,0.0
10,78,1,0.0,240,0.0
10,78,2,0.0,240,0.0
10,79,1,0.0,240,0.0
10,79,2,0.0,240,0.0
10,80,1,0.0,240,0.0
10,80,2,0.0,240,0.0
10,81,1,0.0,240,0.0
10,81,2,0.0,240,0.0
10,82,1,0.0,240,0.0
10,82,2,0.0,240,0.0
10,83,1,0.0,240,0.0
10,83,2,0.0,240,0.0
10,84,1,0.0,240,0.0
10,84,2,0.0,240,0.0
10,85,1,0.0,240,0.0
10,85,2,0.0,240,0.0
10,86,1,0.0,240,0.0
10,86,2,0.0,240,0.0
